{"cameraMode":{"drawMode":0,"name":"Shaded","section":"Shading Mode"},"sceneLighting":false,"audioPlay":false,"sceneViewState":{"showFog":true,"showMaterialUpdate":false,"showSkybox":true,"showFlares":true,"showImageEffects":true,"showParticleSystems":true},"in2DMode":false,"pivot":{"x":0.03000020980834961,"y":0.5,"z":2.0999999046325685},"rotation":{"x":0.23476463556289674,"y":-0.1365254670381546,"z":0.0333230122923851,"w":0.9618398547172546},"size":35.077213287353519,"orthographic":false}